State Name,Income,Avg Literacy Score,Attained BS or higher,population,affectweather,attragripests,attrairpollution,attrdroughts,attrflood,attrheat,attrhurricanes,attrpoweroutages,attrsealevels,attrsnowpack,attrtornados,attrwaterpollution,attrwatershortages,attrwildfires,citizens,congress,consensus,corporations,devharm,discuss,drillanwr,drilloffshore,exp,fundrenewables,futuregen,generaterenewable,governor,gwvoteimp,happening,harmplants,harmus,human,localofficials,mediaweekly,personal,president,priority,prioritycleanenergy,rebates,reducetax,regulate,teachgw,timing,transitioneconomy,worried
US,68531,,,258742321,65.545,49.012,55.681,60.598,58.324,64.265,57.822,47.156,57.829,52.669,53.237,48.277,54.91,62.595,60.592,60.361,57.186,67.736,67.573,36.307,33.499,52.416,48.911,76.144,70.943,76.516,54.666,56.029,71.473,70.328,62.929,58.86,55.286,28.056,44.464,56.228,52.864,62.521,75.271,67.082,74.013,77.3,57.971,66.292,63.334
Alabama,53175,213,28.9,3926251,53.353,40.336,45.88,45.895,43.695,52.78,46.982,37.36,44.117,37.692,43.944,39.196,40.524,46.45,53.377,53.154,45.755,60.875,59.218,27.238,37.364,63.941,40.875,71.38,60.743,71.512,50.565,48.474,60.681,60.439,54.63,50.35,50.402,21.341,37.846,49.553,43.338,55.783,71.157,60.96,69.054,73.491,49.763,56.522,52.862
Alaska,71616,202,32.2,555513,64.051,45.117,53.347,62.225,53.357,63.174,56.436,46.729,57.715,58.906,45.814,41.744,56.516,65.058,57.282,54.116,55.833,65.952,66.205,38.049,36.485,55.644,47.476,75.325,69.299,72.827,45.437,54.17,69.426,70.03,60.463,54.038,49.301,28.156,42.59,50.434,47.928,56.457,73.683,64.129,68.967,74.599,56.236,58.743,59.804
Arizona,61652,208,33.5,5673394,66.137,50.894,57.325,64.422,59.593,66.627,58.394,49.629,58.2,59.108,51.109,50.327,59.76,67.33,60.265,59.834,57.173,67.591,66.767,38.071,36.78,56.205,50.216,76.265,68.818,76.264,53.967,57.433,71.354,69.144,63.788,58.729,54.944,30.891,45.869,55.307,51.846,61.85,74.308,64.825,73.951,75.043,58.059,64.544,64.143
Arkansas,54347,210,26.2,2326772,54.695,39.166,43.11,49.838,46.702,53.556,44.262,36.665,44.753,38.217,43.097,38.551,44.226,51.329,52.085,50.312,44.867,59.612,61.523,28.32,40.278,60.689,41.644,68.715,64.953,68.301,49.453,48.928,63.981,64.223,54.828,49.186,48.065,21.993,37.725,47.507,43.453,53.59,69.669,58.566,65.738,70.794,50.408,53.603,53.735
California,80423,212,37.5,30513773,70.963,55.05,62.373,70.123,63.814,72.759,62.435,56.386,64.005,62.515,56.728,53.963,64.629,71.816,64.74,64.897,62.986,70.577,73.793,43.124,30.047,42.98,57.282,78.062,76.596,80.25,54.665,61.218,76.86,76.206,69.502,64.76,59.089,31.246,51.908,61.09,61.692,67.713,78.131,71.019,76.093,79.669,64.579,71.836,70.538
Colorado,78918,221,46.4,4569893,70.281,53.315,59.09,69.833,61.666,70.511,62.639,51.391,61.841,65.565,51.442,49.792,62.622,71.622,63.125,61.124,61.711,70.412,69.571,42.497,30.956,45.979,51.089,77.132,73.16,76.952,50.7,57.623,72.954,72.65,64.964,59.982,53.846,35.526,45.774,54.726,52.629,64.76,75.62,65.472,73.984,76.023,59.316,70.882,65.868
Connecticut,87447,219,42.9,2864347,72.462,53.755,59.475,64.739,67.617,69.975,63.408,51.577,64.733,63.713,63.166,53.031,60.88,70.396,65.026,65.813,65.001,72.056,73.547,39.375,31.348,50.354,51.628,80.58,79.013,80.251,58.179,56.847,76.004,77.41,68.342,64.435,57.397,29.891,44.767,61.09,58.694,68.497,79.837,71.376,78.43,82.889,62.265,73.316,70.809
Delaware,65392,210,36.5,795474,66.658,50.132,55.948,61.336,59.164,66.721,60.074,46.828,57.197,47.868,52.981,48.334,52.745,61.208,61.61,62.125,58.424,68.708,68.235,36.602,32.524,49.418,49.649,75.957,71.165,77.922,55.268,57.395,71.722,69.929,63.147,57.703,57.103,30.065,45.525,56.889,54.907,65.074,76.307,65.778,74.807,77.631,58.673,72.873,62.352
District of Columbia,100909,209,65.9,546403,82.243,66.574,72.919,80.206,78.816,84.227,78.764,63.19,76.8,63.799,67.908,64.468,71.594,80.349,73.257,76.249,74.628,79.499,81.46,49.767,21.971,30.334,65.617,84.351,83.815,85.041,67.454,72.099,85.032,82.953,75.746,69.755,69.022,38.71,58.638,70.228,71.337,78.225,83.029,77.005,83.21,86.914,73.156,85.808,76.281
Florida,68248,218,34.9,17623516,64.728,48.942,55.698,58.815,59.04,65.324,58.429,43.875,56.655,45.793,52.917,48.582,52.601,59.221,60.107,61.379,57.071,67.821,67.071,34.705,33.645,48.303,49.41,76.396,70.393,77.301,57.668,57.276,72.475,69.706,62.183,57.603,57.806,28.517,45.559,57.067,53.676,64.687,74.905,65.568,74.824,78.166,58.048,69.858,62.101
Georgia,58581,214,35.4,8280518,62.687,47.83,55.172,53.963,55.124,60.854,54.871,42.961,56.659,48.153,51.284,46.33,50.898,58.861,60.196,59.586,52.439,66.48,62.075,31.721,38.521,55.733,47.669,75.179,65.6,76.261,55.732,55.539,68.191,64.702,59.223,56.048,56.251,24.455,44.538,55.445,50.909,60.578,73.389,67.117,73.073,76.675,57.803,68.612,61.147
Hawaii,65151,216,37,1144164,71.811,54.169,62.619,68.692,64.855,72.455,65.339,56.89,64.754,60.702,58.777,54.704,63.648,71.753,63.464,65.014,64.581,71.368,75.571,42.876,30.596,46.428,57.896,81.103,78.166,81.72,56.042,60.726,77.384,76.989,69.612,64.233,59.281,29.127,51.161,60.298,61.542,69.189,79.496,70.813,76.1,80.78,63.719,74.612,69.227
Idaho,59035,216,32.1,1430132,60.215,40.689,49.609,52.431,52.439,55.695,51.331,40.304,50.421,54.372,46.828,41.699,52.405,57.909,55.544,54.651,52.715,63.552,62.166,33.51,34.369,53.17,42.95,75.78,63.806,72.92,51.026,48.918,67.21,64.691,57.282,54.123,49.771,25.789,37.104,50.792,43.758,57.316,73.596,60.781,70.336,74.486,50.721,54.93,58.006
Illinois,70953,214,38.3,9883773,68.83,51.244,58.194,65.119,63.513,67.612,62.874,49.968,62.563,58.324,56.757,51.272,57.927,66.486,62.809,62.403,57.935,70.289,69.431,37.175,32.198,52.442,48.92,79.607,73.175,77.388,57.352,56.566,73.85,73.295,65.089,61.09,55.619,28.098,44.952,57.856,54.836,63.719,78.158,70.306,77.521,77.828,59.813,69.098,64.661
Indiana,60038,220,30.2,5215683,58.756,41.857,46.63,53.697,51.849,56.577,49.427,41.236,50.247,44.64,45.951,42.369,46.957,53.558,54.56,52.879,49.091,62.316,60.92,30.578,36.313,58.86,40.935,72.353,64.235,71.815,51.664,49.463,64.308,63.446,55.733,51.836,49.486,24.917,37.917,49.977,44.423,56.545,73.759,61.101,71.219,71.265,51.049,58.354,53.734
Iowa,62351,215,31.5,2459358,61.315,41.216,47.922,54.387,48.536,57.569,50.824,38.73,50.329,47.292,46.38,38.516,47.45,54.797,56.862,54.829,55.347,66.049,65.511,33.082,35.879,53.74,41.137,74.509,71.058,72.57,46.957,47.629,67.448,69.033,58.188,54.186,48.222,26.32,37.037,49.881,44.775,58.03,73.492,62.669,69.704,74.701,50.805,59.67,57.508
Kansas,63732,213,35.8,2232747,60.338,41.77,47.872,54.395,48.058,56.74,49.608,37.929,50.39,44.952,44.768,39.547,47.859,54.05,55.793,53.315,50.761,63.003,63.506,31.975,40.364,58.136,41.827,73.254,67.778,72.327,48.473,48.834,67.406,66.697,57.363,53.344,49.062,25.726,38.143,49.481,44.052,56.1,73.211,61.94,68.684,73.164,51.154,57.449,56.801
Kentucky,54326,218,27.8,3487980,54.045,38.998,44.561,47.487,42.415,51.849,45.169,37.668,43.262,36.719,40.774,37.81,40.282,46.483,52.357,51.949,45.91,61.262,58.372,29.48,38.653,61.203,39.639,71.898,62.076,69.919,47.758,49.211,61.182,60.504,54.339,49.034,47.548,25.016,36.539,47.892,41.409,53.779,71.591,58.075,68.542,70.846,48.096,56.523,51.174
Louisiana,57100,216,27,3532365,57.678,43.504,45.644,55.278,48.61,57.124,49.671,40.668,47.915,41.237,44.634,40.479,46.744,55.56,53.206,50.6,45.772,59.723,60.433,29.498,39.573,68.146,44.015,67.042,63.735,68.744,49.082,51.139,63.456,62.911,56.85,49.465,49.46,22.027,41.182,47.709,46.389,54.091,68.456,60.622,65.982,73.125,53.533,58.139,55.841
Maine,63117,210,37,1125516,69.011,50.8,54.111,64.128,61.179,65.944,56.611,49.09,59.526,57.495,54.842,48.812,55.291,66.555,61.034,60.212,59.617,67.986,70.066,39.085,30.127,51.962,48.039,75.628,74.129,77.382,52.185,56.447,72.318,72.449,64.561,58.691,52.759,34.657,41.037,56.16,52.528,61.787,75.915,65.064,75.372,77.488,58.487,67.197,63.881
Maryland,73849,216,43.7,4794803,72.252,53.792,63.334,65.065,65.541,70.153,66.379,51.409,64.95,59.437,60.492,52.5,59.354,68.116,66.582,67.835,64.896,73.782,73.338,40.573,26.363,46.347,53.837,81.702,76.989,81.09,59.594,59.259,77.712,75.969,68.121,64.782,61.012,27.66,48.585,62.39,61.438,70.218,80.41,73.761,78.331,84.475,63.572,74.573,69.762
Massachusetts,87812,225,47.8,5623987,75.226,58.441,63.881,72.897,72.053,75.354,68.585,56.828,69.937,66.763,65.073,57.292,65.399,75.395,67.225,67.986,67.85,73.545,74.665,43.876,26.304,45.213,55.759,81.224,78.547,81.455,59.293,63.086,78.116,78.938,71.248,66.313,59.271,35.741,48.512,63.592,60.988,69.853,80.223,72.726,79.992,81.476,65.907,75.842,72.449
Michigan,59714,209,32.7,7896801,66.356,46.047,52.917,56.353,54.901,58.602,53.486,44.91,55.271,54.543,52.073,46.481,51.009,58.766,59.791,59.385,54.855,67.795,65.241,34.46,32.911,54.2,44.484,76.426,70.831,76.609,53.616,50.585,70.213,69.744,60.456,58.814,52.506,26.179,39.477,54.179,49.418,61.291,76.062,67.484,75.695,79.74,55.418,65.873,60.347
Minnesota,71866,214,40,4396459,68.624,47.926,55.515,63.805,57.986,66.035,60.919,45.242,58.69,55.082,52.9,44.93,55.545,63.685,62.179,60.409,61.939,69.956,70.178,38.141,32.188,49.691,47.314,77.95,75.202,76.79,50.415,52.442,73.229,73.89,63.333,59.87,52.565,30.683,41.111,55.051,50.121,61.174,75.367,67.745,73.658,77.512,56.924,66.728,64.095
Mississippi,48110,219,25.5,2259104,50.618,41.472,47.194,45.556,44.559,52.385,47.784,37.904,44.818,39.362,45.89,40.056,40.645,47.204,54.322,54.782,45.287,61.763,54.266,27.881,40.793,68.676,41.552,72.481,58.643,72.296,51.281,48.462,60.121,59.217,54.483,51.206,51.309,19.573,38.851,50.865,44.499,57.672,71.291,63.251,70.314,74.953,51.108,61.617,54.572
Missouri,61302,212,33.2,4781612,58.904,42.81,48.995,51.808,49.535,54.785,47.529,38.521,50.729,43.257,46.44,41.737,46.725,53.472,56.936,55.601,51.28,64.025,62.632,32.374,36.144,58.731,43.339,73.819,67.257,73.853,50.804,50.436,66.61,65.829,58.359,54.397,51.264,26.237,38.858,51.992,46.031,58.27,73.199,62.934,70.184,74.21,52.766,57.411,57.658
Montana,63918,217,34.6,870130,61.023,41.789,49.192,57.477,50.306,58.65,52.478,40.883,51.887,59.392,42.625,38.731,53.06,61.549,55.155,51.944,53.463,64.78,62.736,35.379,35.715,53.373,41.385,74.067,66.144,70.781,44.432,48.36,66.707,66.061,55.921,51.922,46.208,27.741,36.809,46.742,41.528,54.477,72.827,59.805,68.221,71.957,50.136,54.058,56.787
Nebraska,67800,212,35.3,1481178,58.69,40.725,47.177,52.902,47.08,56.291,49.314,37.082,49.633,44.861,44.987,38.646,47.102,53.273,55.097,52.485,51.317,61.922,62.689,31.319,36.939,57.042,40.999,72.819,65.892,72.048,47.769,47.824,66.317,65.347,56.406,53.013,48.436,25.425,36.795,48.889,42.58,54.412,70.852,61.574,68.447,72.418,50.36,54.441,56.061
Nevada,65168,213,28.7,2448129,66.105,51.218,55.834,62.949,57.496,65.943,55.207,48.603,55.695,54.403,49.693,50.906,57.108,65.21,59.673,60.128,56.073,66.357,67.427,35.848,35.67,53.76,50.344,75.047,70.624,76.09,54.717,57.634,71.634,69.203,63.756,57.452,55.953,30.115,46.925,55.203,53.169,63.472,75.291,63.252,73.355,76.628,57.731,68.058,62.957
New Hampshire,77260,221,40.7,1130929,68.817,50.041,55.151,61.228,63.02,65.175,58.449,48.288,59.802,59.28,59.027,49.57,56.048,65.836,62.215,62.736,61.15,68.996,70.343,39.446,31.834,50.493,48.763,77.754,75.676,79.124,54.981,54.929,73.344,73.328,65.009,61.647,54.29,32.681,40.567,58.252,54.114,65.404,76.244,67.159,76.772,78.022,58.81,68.986,66.202
New Jersey,80724,222,43.8,7235695,72.425,54.072,62.328,65.897,67.64,71.857,68.804,51.976,66.271,59.271,64.044,53.47,60.211,69.413,65.627,66.889,64.29,73.579,74.824,37.894,31.358,48.324,50.767,80.523,77.5,79.838,59.606,60.291,77.21,77.104,68.757,65.289,59.066,27.447,47.552,61.871,58.326,66.768,79.636,74,79.393,83.39,60.269,71.054,70.604
New Mexico,54428,201,31.6,1648150,65.317,51.621,54.691,66.446,57.311,68.336,58.345,49.75,55.024,55.248,48.386,49.486,57.712,65.802,59.948,58.499,56.729,66.637,68.802,39.231,34.601,48.593,48.931,73.955,69.981,75.001,52.685,57.035,70.65,69.608,63.496,56.829,54.81,30.064,47.6,53.187,52.883,62.711,73.497,61.996,71.53,74.21,56.618,69.598,63.143
New York,79581,215,40.6,15763043,73.314,57.212,65.269,67.668,67.701,71.837,66.255,53.7,69.739,58.006,61.71,57.25,62.581,71.796,65.772,67.268,63.753,72.825,72.674,39.326,29.324,51.097,53.632,81.156,76.4,79.415,61.097,65.34,76.981,76.452,69.075,64.297,60.81,30.631,50.3,63.116,60.085,68.347,79.346,74.279,79.918,83.173,63.299,71.382,70.762
North Carolina,60484,213,36.8,8261517,63.702,46.644,55.286,55.47,56.263,61.919,58.078,42.517,56.225,49.372,54.478,46.283,51.516,58.87,60.479,60.507,55.31,67.064,66.398,35.822,35.632,55.06,47.783,76.134,68.325,77.649,55.649,54.387,71.299,68.492,61.171,58.154,56.286,26.185,42.989,56.913,52.724,63.327,74.622,67.172,73.996,78.858,57.122,65.787,61.988
North Dakota,73341,216,33.6,594567,52.453,35.901,40.745,48.637,39.707,49.331,42.137,32.722,44.669,40.866,35.483,31.927,41.565,47.81,50.111,44.763,44.934,58.153,55.705,27.813,44.145,67.318,35.555,68.109,61.707,65.885,41.779,44.046,59.614,61.461,50.75,45.618,42.603,23.5,33.532,41.79,35.489,47.518,69.205,55.646,62.631,67.449,44.815,45.631,48.931
Ohio,60402,216,32,9169868,62.641,44.266,50.295,55.4,55.436,59.298,53.259,43.253,52.969,48.39,50.986,45.724,48.807,56.638,57.998,57.958,53.986,66.228,63.216,32.519,36.891,57.557,43.737,73.545,67.169,75.358,54.868,50.187,67.846,65.852,58.58,56.051,52.402,26.087,38.407,53.498,47.243,57.896,73.199,64.683,73.395,74.122,53.943,61.882,57.765
Oklahoma,58499,207,28.7,3031879,54.995,40.113,44.672,50.374,48.716,53.958,44.853,39.105,45.863,37.624,45.004,41.077,46.434,52.201,52.958,52.431,46.233,60.208,59.601,29.848,42.285,59.487,43.512,71.046,62.882,70.379,51.967,50.492,64.454,62.118,55.413,51.384,49.943,23.252,38.654,49.408,45.528,55.661,71.334,59.008,67.118,69.6,51.328,56.182,55.286
Oregon,65426,207,37.7,3382421,70.19,52.512,59.718,67.723,62.802,70.345,61.626,53.313,61.755,60.466,55.042,51.018,61.375,70.086,64.302,64.189,63.892,70.42,73.275,44.641,27.664,41.463,55.194,77.844,74.793,79.314,52.014,60.512,74.881,74.309,66.404,61.627,56.58,37.575,46.488,59.511,57.544,66.637,75.991,67.306,75.51,78.185,62.675,71.529,66.672
Pennsylvania,67839,216,35.3,10312708,63.625,47.757,54.282,57.351,55.405,60.071,55.842,43.012,57.475,51.626,53.1,46.043,49.614,60.243,59.802,58.809,56.827,67.533,65.715,33.853,33.758,55.547,43.535,75.042,69.116,75.601,52.276,54.583,69.189,68.607,60.708,58.015,52.943,27.065,41.135,54.515,49.313,59.981,75.363,67.742,74.492,75.694,54.115,60.738,61.725
Rhode Island,66480,216,39,886890,69.504,52.401,56.407,62.077,64.263,66.026,57.796,50.226,60.245,56.17,60.02,52.984,56.765,66.154,62.58,63.967,61.136,67.982,71.292,38.603,30.931,49.416,50.911,77.574,75.684,79.747,57.928,57.482,74.028,73.616,66.924,62.233,57.125,31.722,43.905,60.211,56.8,66.063,77.426,67.62,77.226,78.974,60.615,70.444,67.415
South Carolina,56123,215,32.9,4085713,58.284,42.624,50.291,49.914,50.833,56.203,53.017,38.552,51.035,44.311,49.428,41.854,46.838,52.478,57.328,57.076,51.422,64.463,62.634,31.193,35.951,56.716,43.913,74.102,65.682,74.79,54.368,51.112,67.574,64.192,57.087,53.66,53.886,23.106,40.177,53.163,47.937,59.809,73.016,63.744,70.821,75.275,53.423,63.578,57.956
South Dakota,70353,214,33.3,679374,57.16,37.922,45.466,48.874,45.14,51.809,47.318,35.296,47.841,43.797,44.051,36.617,45.194,50.565,54.187,52.309,49.861,61.976,60.888,30.09,40.756,60.826,39.211,73.298,65.565,71.225,47.638,45.634,65.034,65.366,55.316,52.091,47.246,23.59,35.378,48.477,42.546,53.666,71.4,61.094,67.711,72.661,48.437,52.933,54.71
Tennessee,61049,215,31.7,5428078,53.583,41.545,48.376,47.348,47.499,51.651,47.95,39.677,46.481,37.68,45.508,42.387,42.994,48.013,54.522,55.38,48.437,61.137,58.528,30.326,38.623,60.408,43.522,72.769,61.606,73.706,53.092,51.813,61.512,60.817,55.733,53.107,52.178,24.554,38.356,52.232,43.859,55.332,72.464,61.841,70.761,70.058,51.529,58.024,54.386
Texas,65422,212,34.2,22157813,62.807,48.283,53.044,60.605,57.88,62.983,56.826,48.736,54.79,46.419,52.708,48.178,54.668,61.475,58.531,57.74,53.451,65.311,66.547,33.001,34.202,56.98,49.864,71.777,69.578,73.958,56.441,56.646,70.766,68.619,62.228,57.962,55.952,24.796,46.499,54.703,52.374,59.748,71.145,65.997,70.213,75.869,58.307,64.235,63.3
Utah,62823,219,38.4,2387055,62.113,43.67,51.061,60.448,53.809,61.385,54.113,42.572,53.992,57.67,43.218,41.814,55.777,62.614,56.575,53.505,54.559,65.349,62.474,35.568,37.203,51.424,43.675,74.983,65.509,71.406,48.54,51.712,68.678,65.787,57.879,52.755,49.045,28.495,39.745,49.053,44.67,56.007,74.146,60.263,68.814,72.566,52.011,58.585,58.373
Vermont,66463,213,43.7,528078,73.544,54.996,59.026,68.606,67.334,70.833,62.698,53.409,63.977,62.477,61.34,53.476,60.131,71.137,65.034,65.293,64.871,71.27,73.625,42.723,28.447,45.057,52.399,78.406,78.343,80.754,54.63,58.819,75.296,76.474,68.385,63.806,55.919,38.229,43.582,60.493,57.128,68.297,77.572,68.737,78.461,79.432,62.38,73.845,68.826
Virginia,72855,214,42.4,6763515,68.29,48.673,58.145,59.372,59.553,66.258,62.041,46.348,60.279,54.76,55.422,47.401,56.04,62.444,62.331,62.845,61.443,69.817,69.084,39.418,34.067,51.661,49.448,80.035,72.386,78.45,56.591,55.077,73.84,72.605,63.257,60.681,57.13,27.211,45.074,57.744,54.573,66.387,76.911,69.382,74.923,78.504,58.886,70.473,64.962
Washington,79659,216,40.5,6065088,72.039,53.192,61.189,66.524,63.057,67.742,61.015,53.21,63.127,62.596,55.179,51.909,61.73,70.637,64.48,64.239,65.598,71.596,73.639,44.78,27.072,41.129,55.917,79.361,76.96,80.077,52.173,60.684,76.221,76.126,68.218,63.081,57.242,36.036,47.061,60.114,58.021,66.668,77.149,69.091,75.879,79.338,63.52,70.373,68.008
West Virginia,52585,206,24,1425052,50.44,33.611,39.273,43.962,39.264,46.556,40.904,31.366,41.473,34.256,35.117,31.877,38.405,43.072,48.591,45.461,42.207,57.082,54.285,27.187,40.116,60.372,34.954,67.663,58.205,65.54,44.769,45.897,58.537,56.475,48.138,42.864,44.218,22.678,33.688,42.879,38.111,50.758,68.533,52.917,63.609,67.366,43.964,48.281,46.22
Wisconsin,63963,215,33.8,4617712,64.328,44.983,51.727,56.886,56.544,58.499,54.824,43.371,54.399,53.801,52.018,45.245,51.214,58.904,58.973,56.556,56.43,66.37,66.363,34.41,32.914,56.131,43.44,75.687,69.843,75.921,51.498,49.725,68.933,68.486,59.857,57.762,50.505,27.621,38.21,52.471,46.329,57.837,73.666,65.927,74.504,76.782,54.185,63.031,59.266
Wyoming,77837,222,30.4,447401,51.402,36.751,41.469,51.6,41.185,50.804,42.453,34.961,44.803,50.005,32.686,32.931,46.105,53.373,48.915,43.124,44.094,57.694,52.841,29.67,44.452,64.35,35.962,67.294,56.063,63.7,40.68,45.699,57.911,57.34,49.185,43.303,41.662,24.75,34.434,39.776,34.966,46.307,66.396,52.125,61.515,65.181,44.329,43.804,48.172