State Name,Income,Avg Literacy Score,Attained BS or higher,population,affectweather,affectweatherOppose,attragripests,attragripestsOppose,attrairpollution,attrairpollutionOppose,attrdroughts,attrdroughtsOppose,attrflood,attrfloodOppose,attrheat,attrheatOppose,attrhurricanes,attrhurricanesOppose,attrpoweroutages,attrpoweroutagesOppose,attrsealevels,attrsealevelsOppose,attrsnowpack,attrsnowpackOppose,attrtornados,attrtornadosOppose,attrwaterpollution,attrwaterpollutionOppose,attrwatershortages,attrwatershortagesOppose,attrwildfires,attrwildfiresOppose,citizens,citizensOppose,congress,congressOppose,consensus,consensusOppose,corporations,corporationsOppose,devharm,devharmOppose,discuss,discussOppose,drillanwr,drillanwrOppose,drilloffshore,drilloffshoreOppose,exp,expOppose,fundrenewables,fundrenewablesOppose,futuregen,futuregenOppose,generaterenewable,generaterenewableOppose,governor,governorOppose,gwvoteimp,gwvoteimpOppose,happening,happeningOppose,harmplants,harmplantsOppose,harmus,harmusOppose,human,humanOppose,localofficials,localofficialsOppose,mediaweekly,mediaweeklyOppose,personal,personalOppose,president,presidentOppose,priority,prioritycleanenergy,prioritycleanenergyOppose,priorityOppose,rebates,rebatesOppose,reducetax,reducetaxOppose,regulate,regulateOppose,teachgw,teachgwOppose,timing,timingOppose,transitioneconomy,transitioneconomyOppose,worried,worriedOppose
US,68531,,,258742321,65.545,5.612,49.012,28.046,55.681,28.735,60.598,25.443,58.324,27.131,64.265,23.921,57.822,27.092,47.156,33.5,57.829,27.397,52.669,25.998,53.237,28.474,48.277,32.181,54.91,28.286,62.595,25.06,60.592,15.059,60.361,22.025,57.186,21.534,67.736,14.434,67.573,20.665,36.307,63.693,33.499,66.501,52.416,47.584,48.911,51.089,76.144,23.856,70.943,18.142,76.516,23.484,54.666,19.183,56.029,34.585,71.473,13.486,70.328,19.386,62.929,27.853,58.86,29.034,55.286,17.998,28.056,71.944,44.464,45.806,56.228,20.043,52.864,62.521,11.817,24.144,75.271,24.729,67.082,32.918,74.013,25.987,77.3,22.7,57.971,42.029,66.292,33.708,63.334,36.666
Alabama,53175,213,28.9,3926251,53.353,6.914,40.336,34.056,45.88,35.332,45.895,33.27,43.695,35.597,52.78,28.041,46.982,34.176,37.36,37.094,44.117,34.767,37.692,32.454,43.944,36.29,39.196,37.696,40.524,34.402,46.45,33.763,53.377,18.785,53.154,26.734,45.755,24.984,60.875,16.809,59.218,25.001,27.238,72.762,37.364,62.636,63.941,36.059,40.875,59.125,71.38,28.62,60.743,24.403,71.512,28.488,50.565,19.909,48.474,41.984,60.681,17.556,60.439,24.807,54.63,32.227,50.35,36.27,50.402,19.48,21.341,78.659,37.846,48.531,49.553,25.086,43.338,55.783,15.279,31.571,71.157,28.843,60.96,39.04,69.054,30.946,73.491,26.509,49.763,50.237,56.522,43.478,52.862,47.138
Alaska,71616,202,32.2,555513,64.051,5.865,45.117,30.449,53.347,31.781,62.225,26.936,53.357,31.888,63.174,27.006,56.436,28.923,46.729,37.101,57.715,28.968,58.906,28.522,45.814,32.376,41.744,38.677,56.516,30.03,65.058,26.777,57.282,16.904,54.116,28.781,55.833,22.893,65.952,15.353,66.205,23.25,38.049,61.951,36.485,63.515,55.644,44.355,47.476,52.524,75.325,24.675,69.299,20.721,72.827,27.174,45.437,26.384,54.17,35.154,69.426,16.19,70.03,21.425,60.463,31.554,54.038,33.769,49.301,21.792,28.156,71.844,42.59,49.552,50.434,25.456,47.928,56.457,12.891,30.32,73.683,26.317,64.129,35.871,68.967,31.033,74.599,25.401,56.236,43.763,58.743,41.257,59.804,40.196
Arizona,61652,208,33.5,5673394,66.137,5.531,50.894,27.894,57.325,27.322,64.422,25.2,59.593,27.443,66.627,23.754,58.394,26.713,49.629,32.989,58.2,28.754,59.108,26.306,51.109,28.475,50.327,30.505,59.76,27.765,67.33,23.35,60.265,14.341,59.834,23.316,57.173,22.625,67.591,14.129,66.767,21.717,38.071,61.929,36.78,63.22,56.205,43.796,50.216,49.784,76.265,23.735,68.818,19.656,76.264,23.736,53.967,19.002,57.433,33.018,71.354,14.389,69.144,20.553,63.788,27.392,58.729,29.244,54.944,18.684,30.891,69.109,45.869,44.561,55.307,20.453,51.846,61.85,11.673,26.763,74.308,25.692,64.825,35.175,73.951,26.049,75.043,24.957,58.059,41.941,64.544,35.456,64.143,35.857
Arkansas,54347,210,26.2,2326772,54.695,7.733,39.166,35.415,43.11,36.428,49.838,35.023,46.702,38.26,53.556,32.173,44.262,36.624,36.665,45.485,44.753,37.788,38.217,34.726,43.097,38.488,38.551,39.022,44.226,38.372,51.329,34.456,52.085,19.878,50.312,29.197,44.867,26.595,59.612,17.105,61.523,24.981,28.32,71.68,40.278,59.722,60.689,39.31,41.644,58.356,68.715,31.285,64.953,22.422,68.301,31.699,49.453,21.097,48.928,41.404,63.981,19.286,64.223,24.826,54.828,34.064,49.186,36.536,48.065,21.659,21.993,78.007,37.725,49.863,47.507,27.844,43.453,53.59,16.481,31.115,69.669,30.331,58.566,41.434,65.738,34.262,70.794,29.206,50.408,49.592,53.603,46.398,53.735,46.265
California,80423,212,37.5,30513773,70.963,4.684,55.05,24.098,62.373,24.378,70.123,18.652,63.814,22.565,72.759,18.108,62.435,22.671,56.386,28.581,64.005,23.105,62.515,21.555,56.728,23.302,53.963,27.288,64.629,22.132,71.816,19.214,64.74,13.904,64.897,20.073,62.986,18.319,70.577,14.051,73.793,15.918,43.124,56.876,30.047,69.953,42.98,57.02,57.282,42.718,78.062,21.938,76.596,14.04,80.25,19.75,54.665,22.188,61.218,29.703,76.86,10.51,76.206,14.865,69.502,22.583,64.76,24.229,59.089,17.853,31.246,68.754,51.908,38.891,61.09,17.133,61.692,67.713,9.717,19.307,78.131,21.869,71.019,28.981,76.093,23.907,79.669,20.331,64.579,35.421,71.836,28.164,70.538,29.462
Colorado,78918,221,46.4,4569893,70.281,5.344,53.315,23.94,59.09,27.573,69.833,20.569,61.666,24.777,70.511,21.471,62.639,23.194,51.391,31.091,61.841,24.691,65.565,23.227,51.442,27.406,49.792,30.676,62.622,24.545,71.622,21.036,63.125,13.149,61.124,22.641,61.711,21.694,70.412,12.745,69.571,20.618,42.497,57.503,30.956,69.044,45.979,54.021,51.089,48.911,77.132,22.868,73.16,16.81,76.952,23.048,50.7,22.019,57.623,32.55,72.954,12.863,72.65,18.621,64.964,27.914,59.982,28.08,53.846,18.415,35.526,64.474,45.774,47.454,54.726,19.833,52.629,64.76,10.293,25.581,75.62,24.38,65.472,34.528,73.984,26.016,76.023,23.976,59.316,40.684,70.882,29.118,65.868,34.132
Connecticut,87447,219,42.9,2864347,72.462,5.107,53.755,26.405,59.475,25.466,64.739,22.341,67.617,21.405,69.975,20.443,63.408,24.069,51.577,30.859,64.733,21.998,63.713,19.911,63.166,23.406,53.031,29.427,60.88,23.723,70.396,20.78,65.026,11.842,65.813,16.279,65.001,18.609,72.056,12.882,73.547,18.558,39.375,60.625,31.348,68.652,50.354,49.647,51.628,48.372,80.58,19.42,79.013,13.763,80.251,19.749,58.179,15.253,56.847,34.14,76.004,10.894,77.41,15.554,68.342,25.157,64.435,23.642,57.397,15.371,29.891,70.109,44.767,47.334,61.09,15.732,58.694,68.497,9.859,18.507,79.837,20.163,71.376,28.624,78.43,21.57,82.889,17.111,62.265,37.735,73.316,26.684,70.809,29.191
Delaware,65392,210,36.5,795474,66.658,5.582,50.132,23.79,55.948,28.957,61.336,21.579,59.164,21.786,66.721,19.718,60.074,25.675,46.828,27.372,57.197,25.762,47.868,23.458,52.981,27.998,48.334,29.582,52.745,24.474,61.208,22.452,61.61,15.772,62.125,20.845,58.424,21.545,68.708,13.738,68.235,19.615,36.602,63.398,32.524,67.476,49.418,50.582,49.649,50.351,75.957,24.043,71.165,17.295,77.922,22.078,55.268,18.654,57.395,33.305,71.722,12.443,69.929,19.552,63.147,27.264,57.703,28.416,57.103,17.496,30.065,69.935,45.525,44.293,56.889,19.523,54.907,65.074,10.371,21.236,76.307,23.692,65.778,34.222,74.807,25.193,77.631,22.369,58.673,41.327,72.873,27.127,62.352,37.648
District of Columbia,100909,209,65.9,546403,82.243,3.233,66.574,13.747,72.919,17.108,80.206,10.552,78.816,10.411,84.227,9.022,78.764,13.83,63.19,18.289,76.8,14.252,63.799,12.851,67.908,15.381,64.468,19.628,71.594,13.52,80.349,10.593,73.257,9.774,76.249,12.121,74.628,14.25,79.499,9.364,81.46,11.573,49.767,50.233,21.971,78.029,30.334,69.664,65.617,34.383,84.351,15.649,83.815,9.182,85.041,14.959,67.454,12.346,72.099,20.469,85.032,5.855,82.953,10.578,75.746,17.548,69.755,19.045,69.022,12.428,38.71,61.29,58.638,34.79,70.228,10.763,71.337,78.225,5.661,11.179,83.029,16.971,77.005,22.995,83.21,16.79,86.914,13.085,73.156,26.845,85.808,14.192,76.281,23.719
Florida,68248,218,34.9,17623516,64.728,5.619,48.942,26.907,55.698,28.746,58.815,25.631,59.04,25.139,65.324,22.289,58.429,27.585,43.875,33.577,56.655,28.977,45.793,27.188,52.917,28.82,48.582,30.469,52.601,28.001,59.221,26.102,60.107,15.592,61.379,21.323,57.071,22.059,67.821,13.827,67.071,21.414,34.705,65.295,33.645,66.355,48.303,51.697,49.41,50.59,76.396,23.604,70.393,18.74,77.301,22.699,57.668,15.473,57.276,32.88,72.475,13.551,69.706,19.919,62.183,28.15,57.603,30.063,57.806,17.785,28.517,71.483,45.559,45.317,57.067,20.415,53.676,64.687,11.538,23.929,74.905,25.094,65.568,34.432,74.824,25.176,78.166,21.834,58.048,41.952,69.858,30.142,62.101,37.899
Georgia,58581,214,35.4,8280518,62.687,5.293,47.83,26.694,55.172,28.644,53.963,30.045,55.124,27.541,60.854,24.521,54.871,26.185,42.961,35.137,56.659,27.635,48.153,26.616,51.284,28.322,46.33,32.286,50.898,29.984,58.861,26.17,60.196,16.173,59.586,21.982,52.439,21.277,66.48,14.974,62.075,22.479,31.721,68.278,38.521,61.478,55.733,44.267,47.669,52.331,75.179,24.821,65.6,20.318,76.261,23.739,55.732,17.925,55.539,34.652,68.191,13.285,64.702,21.12,59.223,28.522,56.048,31.677,56.251,16.787,24.455,75.545,44.538,43.587,55.445,19.97,50.909,60.578,11.437,26.974,73.389,26.611,67.117,32.883,73.073,26.927,76.675,23.325,57.803,42.197,68.612,31.388,61.147,38.853
Hawaii,65151,216,37,1144164,71.811,4.693,54.169,26.569,62.619,24.484,68.692,22.024,64.855,22.114,72.455,19.334,65.339,24.539,56.89,29.05,64.754,24.371,60.702,22.24,58.777,24.378,54.704,28.127,63.648,25.713,71.753,19.578,63.464,14.726,65.014,20.463,64.581,19.14,71.368,14.471,75.571,16.81,42.876,57.124,30.596,69.404,46.428,53.572,57.896,42.104,81.103,18.897,78.166,14.538,81.72,18.28,56.042,18.634,60.726,29.864,77.384,11.173,76.989,16.105,69.612,23.493,64.233,23.306,59.281,18.47,29.127,70.873,51.161,40.822,60.298,18.787,61.542,69.189,9.518,18.465,79.496,20.504,70.813,29.187,76.1,23.9,80.78,19.22,63.719,36.281,74.612,25.388,69.227,30.773
Idaho,59035,216,32.1,1430132,60.215,6.584,40.689,39.024,49.609,32.761,52.431,36.439,52.439,36.331,55.695,33.85,51.331,34.685,40.304,44.405,50.421,36.338,54.372,32.68,46.828,34.779,41.699,39.666,52.405,37.159,57.909,32.904,55.544,16.171,54.651,27.457,52.715,26.253,63.552,16.637,62.166,26.114,33.51,66.49,34.369,65.631,53.17,46.83,42.95,57.05,75.78,24.22,63.806,24.795,72.92,27.079,51.026,19.778,48.918,41.498,67.21,18.705,64.691,24.375,57.282,33.297,54.123,32.217,49.771,20.339,25.789,74.211,37.104,53.058,50.792,25.367,43.758,57.316,15.673,33.021,73.596,26.404,60.781,39.219,70.336,29.664,74.486,25.515,50.721,49.278,54.93,45.07,58.006,41.994
Illinois,70953,214,38.3,9883773,68.83,5.124,51.244,26.337,58.194,26.702,65.119,23.056,63.513,24.402,67.612,23.377,62.874,24.164,49.968,30.719,62.563,23.283,58.324,24.046,56.757,26.551,51.272,30.791,57.927,27.29,66.486,23.241,62.809,13,62.403,19.464,57.935,20.297,70.289,12.959,69.431,18.899,37.175,62.825,32.198,67.802,52.442,47.558,48.92,51.08,79.607,20.393,73.175,15.829,77.388,22.612,57.352,17.657,56.566,33.796,73.85,11.926,73.295,16.766,65.089,26.046,61.09,27.89,55.619,16.25,28.098,71.902,44.952,45.814,57.856,18.113,54.836,63.719,10.224,21.119,78.158,21.842,70.306,29.694,77.521,22.479,77.828,22.172,59.813,40.187,69.098,30.902,64.661,35.339
Indiana,60038,220,30.2,5215683,58.756,7.202,41.857,33.238,46.63,34.278,53.697,29.941,51.849,30.831,56.577,28.956,49.427,34.455,41.236,36.291,50.247,30.429,44.64,29.642,45.951,36.389,42.369,36.366,46.957,31.912,53.558,30.333,54.56,17.641,52.879,27.115,49.091,25.797,62.316,16.406,60.92,24.676,30.578,69.422,36.313,63.687,58.86,41.139,40.935,59.065,72.353,27.647,64.235,22.351,71.815,28.186,51.664,20.026,49.463,40.643,64.308,18.153,63.446,24.305,55.733,32.942,51.836,34.793,49.486,19.918,24.917,75.083,37.917,49.715,49.977,24.971,44.423,56.545,14.648,30.673,73.759,26.241,61.101,38.899,71.219,28.781,71.265,28.735,51.049,48.951,58.354,41.646,53.734,46.266
Iowa,62351,215,31.5,2459358,61.315,6.849,41.216,33.471,47.922,36.013,54.387,29.595,48.536,34.968,57.569,29.736,50.824,32.206,38.73,38.693,50.329,31.675,47.292,31.396,46.38,35.148,38.516,40.094,47.45,33.298,54.797,30.825,56.862,16.726,54.829,24.857,55.347,24.798,66.049,15.034,65.511,24.125,33.082,66.918,35.879,64.121,53.74,46.26,41.137,58.863,74.509,25.491,71.058,20.112,72.57,27.43,46.957,20.882,47.629,42.587,67.448,16.555,69.033,22.961,58.188,33.866,54.186,31.107,48.222,19.979,26.32,73.68,37.037,54.275,49.881,23.389,44.775,58.03,13.917,26.612,73.492,26.508,62.669,37.331,69.704,30.296,74.701,25.299,50.805,49.195,59.67,40.329,57.508,42.492
Kansas,63732,213,35.8,2232747,60.338,6.948,41.77,33.886,47.872,35.378,54.395,30.276,48.058,34.694,56.74,30.31,49.608,33.219,37.929,39.506,50.39,33.05,44.952,31.9,44.768,35.74,39.547,39.191,47.859,33.296,54.05,31.942,55.793,17.19,53.315,25.787,50.761,25.015,63.003,15.852,63.506,25.546,31.975,68.025,40.364,59.636,58.136,41.864,41.827,58.173,73.254,26.746,67.778,22.228,72.327,27.674,48.473,21.274,48.834,41.209,67.406,17.318,66.697,23.984,57.363,34.098,53.344,34.137,49.062,20.044,25.726,74.274,38.143,52.842,49.481,23.766,44.052,56.1,14.531,30.444,73.211,26.789,61.94,38.06,68.684,31.316,73.164,26.836,51.154,48.846,57.449,42.551,56.801,43.199
Kentucky,54326,218,27.8,3487980,54.045,7.496,38.998,35.925,44.561,37.633,47.487,36.61,42.415,41.082,51.849,33.599,45.169,36.575,37.668,42.715,43.262,40.108,36.719,36.747,40.774,39.424,37.81,39.779,40.282,40.124,46.483,36.738,52.357,19.505,51.949,28.515,45.91,26.851,61.262,17.054,58.372,28.825,29.48,70.52,38.653,61.347,61.203,38.796,39.639,60.361,71.898,28.102,62.076,26.804,69.919,30.081,47.758,22.401,49.211,41.001,61.182,19.362,60.504,28.227,54.339,35.317,49.034,34.533,47.548,21.714,25.016,74.984,36.539,53.273,47.892,27.71,41.409,53.779,16.329,32.478,71.591,28.409,58.075,41.925,68.542,31.458,70.846,29.154,48.096,51.904,56.523,43.477,51.174,48.826
Louisiana,57100,216,27,3532365,57.678,7.013,43.504,28.789,45.644,33.992,55.278,27.515,48.61,33.447,57.124,26.421,49.671,31.264,40.668,37.756,47.915,31.179,41.237,30.616,44.634,35.111,40.479,35.17,46.744,31.745,55.56,29.291,53.206,19.219,50.6,27.691,45.772,24.339,59.723,16.278,60.433,23.496,29.498,70.502,39.573,60.427,68.146,31.855,44.015,55.985,67.042,32.958,63.735,22.2,68.744,31.256,49.082,21.574,51.139,38.734,63.456,16.714,62.911,24.012,56.85,31.242,49.465,36.291,49.46,20.138,22.027,77.973,41.182,45.97,47.709,25.049,46.389,54.091,14.9,27.997,68.456,31.544,60.622,39.378,65.982,34.018,73.125,26.875,53.533,46.467,58.139,41.862,55.841,44.159
Maine,63117,210,37,1125516,69.011,6.286,50.8,27.18,54.111,29.665,64.128,22.384,61.179,25.722,65.944,23.957,56.611,28.052,49.09,31.278,59.526,26.746,57.495,25.257,54.842,28.484,48.812,30.826,55.291,28.637,66.555,22.898,61.034,14.061,60.212,20.965,59.617,21.706,67.986,14.284,70.066,21.448,39.085,60.915,30.127,69.873,51.962,48.038,48.039,51.961,75.628,24.372,74.129,18.072,77.382,22.618,52.185,18.958,56.447,34.989,72.318,13.277,72.449,20.517,64.561,29.499,58.691,29.261,52.759,18.371,34.657,65.343,41.037,52.355,56.16,19.092,52.528,61.787,11.309,22.732,75.915,24.085,65.064,34.936,75.372,24.628,77.488,22.512,58.487,41.513,67.197,32.803,63.881,36.119
Maryland,73849,216,43.7,4794803,72.252,4.136,53.792,22.468,63.334,24.049,65.065,20.341,65.541,20.734,70.153,18.665,66.379,19.955,51.409,26.697,64.95,21.998,59.437,19.721,60.492,21.683,52.5,29.138,59.354,23.07,68.116,20.39,66.582,12.422,67.835,16.765,64.896,17.684,73.782,11.848,73.338,15.386,40.573,59.427,26.363,73.637,46.347,53.653,53.837,46.163,81.702,18.298,76.989,12.37,81.09,18.91,59.594,15.444,59.259,31.62,77.712,8.746,75.969,13.766,68.121,22.431,64.782,23.805,61.012,14.281,27.66,72.34,48.585,40.842,62.39,15.386,61.438,70.218,8.014,16.476,80.41,19.59,73.761,26.239,78.331,21.669,84.475,15.525,63.572,36.428,74.573,25.427,69.762,30.238
Massachusetts,87812,225,47.8,5623987,75.226,4.639,58.441,22.555,63.881,22.905,72.897,17.291,72.053,18.176,75.354,17.396,68.585,21.123,56.828,25.73,69.937,19.482,66.763,19.365,65.073,20.92,57.292,26.535,65.399,20.941,75.395,17.715,67.225,11.017,67.986,16.16,67.85,17.445,73.545,12.58,74.665,16.75,43.876,56.124,26.304,73.696,45.213,54.787,55.759,44.242,81.224,18.776,78.547,13.763,81.455,18.545,59.293,15.61,63.086,28.84,78.116,9.827,78.938,14.487,71.248,23.125,66.313,23.374,59.271,15.215,35.741,64.259,48.512,44.227,63.592,14.414,60.988,69.853,8.686,16.76,80.223,19.777,72.726,27.275,79.992,20.008,81.476,18.524,65.907,34.093,75.842,24.158,72.449,27.551
Michigan,59714,209,32.7,7896801,66.356,5.926,46.047,29.94,52.917,30.597,56.353,27.317,54.901,31.009,58.602,28.67,53.486,28.028,44.91,34.631,55.271,27.476,54.543,27.211,52.073,29.993,46.481,33.925,51.009,31.619,58.766,28.172,59.791,14.076,59.385,20.879,54.855,22.216,67.795,13.318,65.241,21.839,34.46,65.54,32.911,67.089,54.2,45.8,44.484,55.516,76.426,23.574,70.831,17.962,76.609,23.391,53.616,19.09,50.585,40.143,70.213,13.682,69.744,19.74,60.456,29.736,58.814,29.169,52.506,17.13,26.179,73.821,39.477,50.78,54.179,19.878,49.418,61.291,11.771,25.099,76.062,23.938,67.484,32.516,75.695,24.305,79.74,20.26,55.418,44.582,65.873,34.126,60.347,39.653
Minnesota,71866,214,40,4396459,68.624,5.633,47.926,27.752,55.515,30.795,63.805,22.655,57.986,27.717,66.035,23.975,60.919,25.858,45.242,31.972,58.69,25.272,55.082,25.698,52.9,28.636,44.93,35.226,55.545,26.331,63.685,24.169,62.179,13.664,60.409,20.806,61.939,21.38,69.956,12.538,70.178,20.966,38.141,61.859,32.188,67.812,49.691,50.309,47.314,52.686,77.95,22.05,75.202,17.209,76.79,23.21,50.415,19.227,52.442,37.276,73.229,12.83,73.89,19.044,63.333,30.154,59.87,28.764,52.565,17.82,30.683,69.317,41.111,52.364,55.051,18.804,50.121,61.174,10.974,24.622,75.367,24.633,67.745,32.255,73.658,26.343,77.512,22.488,56.924,43.076,66.728,33.271,64.095,35.905
Mississippi,48110,219,25.5,2259104,50.618,6.401,41.472,33.063,47.194,33.796,45.556,33.018,44.559,35.942,52.385,29.103,47.784,31.87,37.904,38.228,44.818,33.261,39.362,31.787,45.89,34.064,40.056,36.38,40.645,34.017,47.204,33.401,54.322,17.787,54.782,24.628,45.287,23.56,61.763,15.854,54.266,23.799,27.881,72.119,40.793,59.206,68.676,31.325,41.552,58.448,72.481,27.519,58.643,21.751,72.296,27.704,51.281,19.568,48.462,42.16,60.121,15.855,59.217,22.634,54.483,29.753,51.206,34.478,51.309,18.083,19.573,80.427,38.851,44.946,50.865,22.982,44.499,57.672,14.813,28.529,71.291,28.708,63.251,36.749,70.314,29.686,74.953,25.047,51.108,48.892,61.617,38.383,54.572,45.428
Missouri,61302,212,33.2,4781612,58.904,6.711,42.81,33.422,48.995,33.525,51.808,30.786,49.535,32.656,54.785,29.316,47.529,32.791,38.521,38.171,50.729,32.375,43.257,32.476,46.44,33.629,41.737,36.607,46.725,33.674,53.472,30.228,56.936,16.992,55.601,24.03,51.28,24.231,64.025,16.508,62.632,24.725,32.374,67.626,36.144,63.856,58.731,41.27,43.339,56.661,73.819,26.181,67.257,21.07,73.853,26.147,50.804,18.547,50.436,40.018,66.61,16.32,65.829,23.336,58.359,31.969,54.397,31.985,51.264,19.35,26.237,73.763,38.858,49.781,51.992,21.989,46.031,58.27,14.053,26.372,73.199,26.801,62.934,37.066,70.184,29.816,74.21,25.79,52.766,47.234,57.411,42.589,57.658,42.342
Montana,63918,217,34.6,870130,61.023,6.629,41.789,33.846,49.192,34.788,57.477,31.003,50.306,35.79,58.65,30.574,52.478,31.36,40.883,41.49,51.887,31.881,59.392,31.054,42.625,36.051,38.731,41.319,53.06,32.749,61.549,29.741,55.155,15.998,51.944,29.812,53.463,26.344,64.78,14.953,62.736,25.219,35.379,64.621,35.715,64.285,53.373,46.627,41.385,58.615,74.067,25.933,66.144,22.466,70.781,29.219,44.432,23.923,48.36,41.471,66.707,18.401,66.061,23.756,55.921,35.043,51.922,35.055,46.208,21.173,27.741,72.259,36.809,54.433,46.742,26.972,41.528,54.477,14.286,33.467,72.827,27.173,59.805,40.195,68.221,31.779,71.957,28.043,50.136,49.863,54.058,45.942,56.787,43.213
Nebraska,67800,212,35.3,1481178,58.69,7.062,40.725,35.475,47.177,36.057,52.902,32.195,47.08,38.556,56.291,31.646,49.314,33.985,37.082,42.687,49.633,34.254,44.861,33.074,44.987,36.319,38.646,40.296,47.102,35.226,53.273,33.155,55.097,17.423,52.485,26.161,51.317,25.365,61.922,16.879,62.689,25.406,31.319,68.681,36.939,63.062,57.042,42.958,40.999,59.001,72.819,27.181,65.892,23.097,72.048,27.952,47.769,20.566,47.824,42.298,66.317,17.504,65.347,24.606,56.406,34.693,53.013,34.9,48.436,20.229,25.425,74.575,36.795,54.387,48.889,24.343,42.58,54.412,15.277,31.741,70.852,29.148,61.574,38.426,68.447,31.553,72.418,27.582,50.36,49.64,54.441,45.559,56.061,43.939
Nevada,65168,213,28.7,2448129,66.105,5.843,51.218,27.466,55.834,27.639,62.949,25.632,57.496,28.835,65.943,23.5,55.207,27.906,48.603,34.499,55.695,31.552,54.403,27.409,49.693,29.415,50.906,28.483,57.108,29.767,65.21,24.024,59.673,15.313,60.128,23.067,56.073,23.092,66.357,15.242,67.427,21.145,35.848,64.152,35.67,64.33,53.76,46.24,50.344,49.656,75.047,24.953,70.624,18.917,76.09,23.91,54.717,18.728,57.634,32.834,71.634,14.107,69.203,20.981,63.756,26.978,57.452,28.304,55.953,19.144,30.115,69.885,46.925,43.201,55.203,20.699,53.169,63.472,11.722,25.522,75.291,24.709,63.252,36.748,73.355,26.645,76.628,23.372,57.731,42.269,68.058,31.943,62.957,37.043
New Hampshire,77260,221,40.7,1130929,68.817,6.02,50.041,29.619,55.151,28.879,61.228,24.662,63.02,25.494,65.175,24.667,58.449,28.172,48.288,33.691,59.802,27.759,59.28,25.028,59.027,27.065,49.57,31.608,56.048,29.314,65.836,24.662,62.215,13.296,62.736,19.852,61.15,20.93,68.996,14.398,70.343,21.021,39.446,60.554,31.834,68.166,50.493,49.508,48.763,51.236,77.754,22.246,75.676,17.287,79.124,20.876,54.981,17.109,54.929,36.808,73.344,12.966,73.328,19.512,65.009,28.824,61.647,26.488,54.29,17.255,32.681,67.319,40.567,51.809,58.252,18.036,54.114,65.404,11.361,21.41,76.244,23.756,67.159,32.841,76.772,23.228,78.022,21.978,58.81,41.19,68.986,31.014,66.202,33.798
New Jersey,80724,222,43.8,7235695,72.425,4.414,54.072,25.204,62.328,24.442,65.897,22.543,67.64,20.601,71.857,19.216,68.804,21.782,51.976,31.596,66.271,21.548,59.271,21.8,64.044,22.41,53.47,30.62,60.211,24.157,69.413,19.801,65.627,11.695,66.889,17.08,64.29,18.566,73.579,12.111,74.824,15.014,37.894,62.106,31.358,68.642,48.324,51.676,50.767,49.233,80.523,19.477,77.5,12.907,79.838,20.162,59.606,16.381,60.291,31.369,77.21,9.67,77.104,14.024,68.757,23.187,65.289,25.476,59.066,15.762,27.447,72.553,47.552,43.513,61.871,15.421,58.326,66.768,9.214,16.812,79.636,20.364,74,26,79.393,20.607,83.39,16.61,60.269,39.731,71.054,28.946,70.604,29.396
New Mexico,54428,201,31.6,1648150,65.317,6.123,51.621,25.087,54.691,29.179,66.446,20.788,57.311,25.511,68.336,21.042,58.345,27.442,49.75,28.913,55.024,27.993,55.248,25.107,48.386,30.865,49.486,28.641,57.712,25.692,65.802,22.169,59.948,15.698,58.499,25.06,56.729,23.686,66.637,15.099,68.802,20.685,39.231,60.769,34.601,65.398,48.593,51.407,48.931,51.069,73.955,26.045,69.981,19.329,75.001,24.999,52.685,21.429,57.035,33.446,70.65,14.419,69.608,20.86,63.496,27.637,56.829,28.335,54.81,19.666,30.064,69.936,47.6,43.502,53.187,22.137,52.883,62.711,12.233,25.88,73.497,26.503,61.996,38.004,71.53,28.47,74.21,25.79,56.618,43.382,69.598,30.403,63.143,36.857
New York,79581,215,40.6,15763043,73.314,4.099,57.212,23.013,65.269,21.815,67.668,21.484,67.701,21.584,71.837,19.206,66.255,20.833,53.7,30.181,69.739,20.498,58.006,21.159,61.71,21.047,57.25,28.063,62.581,23.053,71.796,18.251,65.772,11.611,67.268,16.351,63.753,18.021,72.825,11.723,72.674,16.379,39.326,60.674,29.324,70.676,51.097,48.903,53.632,46.368,81.156,18.844,76.4,13.29,79.415,20.585,61.097,17.173,65.34,25.683,76.981,9.99,76.452,14.379,69.075,22.605,64.297,26.408,60.81,15.956,30.631,69.369,50.3,41.009,63.116,14.69,60.085,68.347,8.921,18.555,79.346,20.654,74.279,25.721,79.918,20.082,83.173,16.827,63.299,36.7,71.382,28.617,70.762,29.239
North Carolina,60484,213,36.8,8261517,63.702,5.438,46.644,28.677,55.286,29.43,55.47,27.529,56.263,28.125,61.919,24.624,58.078,27.203,42.517,34.755,56.225,29.247,49.372,26.744,54.478,28.29,46.283,33.439,51.516,28.719,58.87,25.742,60.479,15.896,60.507,21.821,55.31,21.619,67.064,15.366,66.398,21.023,35.822,64.178,35.632,64.368,55.06,44.94,47.783,52.217,76.134,23.866,68.325,18.963,77.649,22.351,55.649,19.717,54.387,36.396,71.299,13.135,68.492,19.765,61.171,28.378,58.154,29.71,56.286,16.944,26.185,73.815,42.989,45.995,56.913,20.107,52.724,63.327,11.792,23.735,74.622,25.378,67.172,32.828,73.996,26.004,78.858,21.142,57.122,42.878,65.787,34.213,61.988,38.012
North Dakota,73341,216,33.6,594567,52.453,8.359,35.901,38.379,40.745,41.905,48.637,36.843,39.707,45.028,49.331,37.459,42.137,38.911,32.722,46.337,44.669,37.728,40.866,39.374,35.483,44.182,31.927,46.478,41.565,40.678,47.81,38.816,50.111,20.203,44.763,33.002,44.934,29.118,58.153,17.387,55.705,31.679,27.813,72.187,44.145,55.856,67.318,32.683,35.555,64.445,68.109,31.891,61.707,28.037,65.885,34.115,41.779,23.879,44.046,45.451,59.614,22.703,61.461,29.464,50.75,40.49,45.618,41.662,42.603,23.235,23.5,76.5,33.532,57.602,41.79,30.863,35.489,47.518,18.038,36.907,69.205,30.795,55.646,44.354,62.631,37.369,67.449,32.551,44.815,55.185,45.631,54.37,48.931,51.069
Ohio,60402,216,32,9169868,62.641,6.487,44.266,32.218,50.295,31.537,55.4,28.079,55.436,28.875,59.298,26.237,53.259,31.471,43.253,35.644,52.969,28.944,48.39,27,50.986,32.233,45.724,33.975,48.807,33.196,56.638,28.324,57.998,15.605,57.958,23.243,53.986,23.713,66.228,14.696,63.216,23.419,32.519,67.481,36.891,63.108,57.557,42.443,43.737,56.263,73.545,26.455,67.169,20.78,75.358,24.641,54.868,18.039,50.187,39.954,67.846,15.088,65.852,22.494,58.58,31.065,56.051,31.543,52.402,18.163,26.087,73.913,38.407,51.116,53.498,21.607,47.243,57.896,13.656,28.146,73.199,26.801,64.683,35.317,73.395,26.605,74.122,25.878,53.943,46.057,61.882,38.118,57.765,42.235
Oklahoma,58499,207,28.7,3031879,54.995,7.66,40.113,36.422,44.672,35.337,50.374,34.861,48.716,35.94,53.958,32.407,44.853,37.478,39.105,41.559,45.863,38.142,37.624,34.459,45.004,37.712,41.077,37.752,46.434,36.255,52.201,33.449,52.958,19.342,52.431,27.6,46.233,26.496,60.208,17.442,59.601,26.969,29.848,70.152,42.285,57.715,59.487,40.512,43.512,56.488,71.046,28.954,62.882,25.246,70.379,29.621,51.967,19.075,50.492,40.075,64.454,20.16,62.118,27.001,55.413,34.3,51.384,34.041,49.943,21.663,23.252,76.748,38.654,50.307,49.408,27.126,45.528,55.661,16.668,29.476,71.334,28.665,59.008,40.992,67.118,32.882,69.6,30.4,51.328,48.672,56.182,43.818,55.286,44.714
Oregon,65426,207,37.7,3382421,70.19,5.295,52.512,24.891,59.718,26.698,67.723,20.588,62.802,22.612,70.345,20.446,61.626,24.908,53.313,29.488,61.755,26.138,60.466,23.049,55.042,25.517,51.018,29.219,61.375,25.214,70.086,20.224,64.302,14.409,64.189,21.701,63.892,20.129,70.42,13.947,73.275,18.56,44.641,55.359,27.664,72.336,41.463,58.537,55.194,44.806,77.844,22.156,74.793,16.967,79.314,20.686,52.014,23.799,60.512,30.591,74.881,12.611,74.309,18.489,66.404,26.982,61.627,26.108,56.58,19.625,37.575,62.425,46.488,46.851,59.511,18.625,57.544,66.637,10.298,23.492,75.991,24.009,67.306,32.694,75.51,24.49,78.185,21.815,62.675,37.325,71.529,28.471,66.672,33.328
Pennsylvania,67839,216,35.3,10312708,63.625,5.652,47.757,29.38,54.282,30.078,57.351,28.267,55.405,29.907,60.071,27.875,55.842,27.089,43.012,37.139,57.475,27.006,51.626,27.757,53.1,28.949,46.043,34.874,49.614,31.883,60.243,26.861,59.802,14.438,58.809,22.415,56.827,22.123,67.533,13.718,65.715,22.607,33.853,66.147,33.758,66.242,55.547,44.453,43.535,56.465,75.042,24.958,69.116,20.016,75.601,24.399,52.276,20.22,54.583,35.978,69.189,14.482,68.607,20.532,60.708,30.421,58.015,29.869,52.943,18.544,27.065,72.935,41.135,50.172,54.515,19.797,49.313,59.981,11.575,25.705,75.363,24.637,67.742,32.258,74.492,25.508,75.694,24.306,54.115,45.885,60.738,39.262,61.725,38.275
Rhode Island,66480,216,39,886890,69.504,5.872,52.401,28.284,56.407,26.937,62.077,24.134,64.263,24.365,66.026,23.261,57.796,27.896,50.226,31.457,60.245,27.548,56.17,24.084,60.02,25.923,52.984,28.174,56.765,28.141,66.154,23.286,62.58,13.536,63.967,18.481,61.136,20.318,67.982,14.842,71.292,19.77,38.603,61.397,30.931,69.069,49.416,50.585,50.911,49.088,77.574,22.426,75.684,16.628,79.747,20.253,57.928,16.242,57.482,34.227,74.028,12.371,73.616,18.682,66.924,26.227,62.233,25.562,57.125,16.8,31.722,68.278,43.905,46.883,60.211,16.968,56.8,66.063,11.213,19.288,77.426,22.573,67.62,32.38,77.226,22.774,78.974,21.026,60.615,39.385,70.444,29.556,67.415,32.585
South Carolina,56123,215,32.9,4085713,58.284,6.142,42.624,31.598,50.291,32.419,49.914,31.528,50.833,31.551,56.203,27.784,53.017,30.757,38.552,36.29,51.035,32.21,44.311,29.841,49.428,32.198,41.854,36.235,46.838,31.669,52.478,31.743,57.328,17.546,57.076,23.835,51.422,23.572,64.463,15.711,62.634,21.998,31.193,68.807,35.951,64.049,56.716,43.285,43.913,56.087,74.102,25.898,65.682,20.012,74.79,25.21,54.368,18.801,51.112,39.696,67.574,14.926,64.192,22.072,57.087,30.707,53.66,31.659,53.886,18.04,23.106,76.894,40.177,47.309,53.163,22.81,47.937,59.809,13.31,26.8,73.016,26.983,63.744,36.256,70.821,29.179,75.275,24.725,53.423,46.577,63.578,36.422,57.956,42.044
South Dakota,70353,214,33.3,679374,57.16,7.25,37.922,39.098,45.466,37.431,48.874,37.084,45.14,41.377,51.809,35.519,47.318,36.207,35.296,46.097,47.841,36.248,43.797,35.633,44.051,37.873,36.617,43.206,45.194,38.699,50.565,36.238,54.187,17.939,52.309,27.315,49.861,26.19,61.976,17.538,60.888,26.948,30.09,69.91,40.756,59.244,60.826,39.175,39.211,60.789,73.298,26.702,65.565,24.098,71.225,28.775,47.638,20.327,45.634,44.569,65.034,18.711,65.366,24.613,55.316,35.576,52.091,34.924,47.246,20.618,23.59,76.41,35.378,53.476,48.477,25.673,42.546,53.666,16.144,29.784,71.4,28.6,61.094,38.906,67.711,32.289,72.661,27.339,48.437,51.563,52.933,47.067,54.71,45.29
Tennessee,61049,215,31.7,5428078,53.583,6.713,41.545,35.909,48.376,33.53,47.348,35.978,47.499,35.567,51.651,32.659,47.95,34.6,39.677,41.633,46.481,37.323,37.68,33.814,45.508,34.986,42.387,36.295,42.994,38.137,48.013,35.677,54.522,18.65,55.38,26.205,48.437,24.653,61.137,17.957,58.528,25.435,30.326,69.674,38.623,61.377,60.408,39.592,43.522,56.478,72.769,27.231,61.606,23.507,73.706,26.294,53.092,19.416,51.813,39.301,61.512,17.884,60.817,24.416,55.733,31.66,53.107,31.802,52.178,19.503,24.554,75.446,38.356,48.575,52.232,23.96,43.859,55.332,16.598,32.293,72.464,27.535,61.841,38.159,70.761,29.239,70.058,29.942,51.529,48.471,58.024,41.976,54.386,45.614
Texas,65422,212,34.2,22157813,62.807,5.978,48.283,27.882,53.044,29.22,60.605,24.567,57.88,26.68,62.983,23.279,56.826,28.529,48.736,32.221,54.79,28.418,46.419,25.973,52.708,29.608,48.178,31.71,54.668,28.284,61.475,24.846,58.531,16.825,57.74,24.304,53.451,21.939,65.311,16.298,66.547,21.166,33.001,66.999,34.202,65.798,56.98,43.02,49.864,50.136,71.777,28.223,69.578,18.809,73.958,26.043,56.441,18.266,56.646,34.081,70.766,14.309,68.619,20.123,62.228,27.799,57.962,29.818,55.952,18.579,24.796,75.204,46.499,42.695,54.703,21.67,52.374,59.748,13.838,25.164,71.145,28.855,65.997,34.003,70.213,29.787,75.869,24.131,58.307,41.693,64.235,35.765,63.3,36.7
Utah,62823,219,38.4,2387055,62.113,6.429,43.67,33.504,51.061,32.552,60.448,27.873,53.809,30.949,61.385,26.837,54.113,31.506,42.572,38.538,53.992,30.349,57.67,28.259,43.218,34.77,41.814,38.928,55.777,29.344,62.614,27.664,56.575,15.717,53.505,28.778,54.559,25.979,65.349,15.321,62.474,25.762,35.568,64.432,37.203,62.797,51.424,48.575,43.675,56.325,74.983,25.018,65.509,23.87,71.406,28.594,48.54,21.179,51.712,38.057,68.678,17.662,65.787,24.104,57.879,33.401,52.755,33.843,49.045,20.961,28.495,71.505,39.745,50.863,49.053,26.125,44.67,56.007,14.473,32.585,74.146,25.854,60.263,39.737,68.814,31.186,72.566,27.434,52.011,47.988,58.585,41.415,58.373,41.627
Vermont,66463,213,43.7,528078,73.544,5.554,54.996,24.213,59.026,26.586,68.606,18.834,67.334,20.284,70.833,20.111,62.698,24.273,53.409,27.243,63.977,23.359,62.477,21.05,61.34,24.082,53.476,27.683,60.131,23.833,71.137,19.483,65.034,12.301,65.293,17.675,64.871,19.427,71.27,12.862,73.625,19.2,42.723,57.277,28.447,71.553,45.057,54.943,52.399,47.601,78.406,21.594,78.343,15.567,80.754,19.245,54.63,17.809,58.819,32.766,75.296,11.317,76.474,17.802,68.385,26.689,63.806,24.777,55.919,16.708,38.229,61.771,43.582,50.436,60.493,15.87,57.128,68.297,9.469,18.382,77.572,22.428,68.737,31.263,78.461,21.539,79.432,20.567,62.38,37.62,73.845,26.154,68.826,31.174
Virginia,72855,214,42.4,6763515,68.29,4.964,48.673,26.918,58.145,28.108,59.372,25.819,59.553,26.588,66.258,21.575,62.041,24.432,46.348,33.263,60.279,25.668,54.76,23.393,55.422,26.576,47.401,33.515,56.04,26.047,62.444,26.189,62.331,14.939,62.845,21.093,61.443,20.423,69.817,14.55,69.084,19.862,39.418,60.582,34.067,65.933,51.661,48.339,49.448,50.552,80.035,19.965,72.386,16.931,78.45,21.55,56.591,18.714,55.077,34.861,73.84,11.72,72.605,17.97,63.257,27.669,60.681,26.837,57.13,16.325,27.211,72.789,45.074,45.01,57.744,19.353,54.573,66.387,10.205,22.606,76.911,23.089,69.382,30.618,74.923,25.077,78.504,21.496,58.886,41.114,70.473,29.527,64.962,35.038
Washington,79659,216,40.5,6065088,72.039,4.981,53.192,25.358,61.189,25.731,66.524,22.52,63.057,23.204,67.742,22.627,61.015,23.892,53.21,29.83,63.127,25.82,62.596,22.311,55.179,24.441,51.909,29.298,61.73,25.997,70.637,21.007,64.48,13.703,64.239,21.13,65.598,19.364,71.596,13.507,73.639,18.831,44.78,55.22,27.072,72.928,41.129,58.871,55.917,44.083,79.361,20.639,76.96,16.522,80.077,19.922,52.173,23.297,60.684,30.415,76.221,11.639,76.126,17.619,68.218,25.863,63.081,24.758,57.242,18.838,36.036,63.964,47.061,47.038,60.114,18.048,58.021,66.668,9.961,21.194,77.149,22.851,69.091,30.909,75.879,24.121,79.338,20.662,63.52,36.48,70.373,29.626,68.008,31.992
West Virginia,52585,206,24,1425052,50.44,8.532,33.611,38.843,39.273,41.997,43.962,38.653,39.264,42.674,46.556,37.675,40.904,41.59,31.366,44.748,41.473,40.373,34.256,39.575,35.117,45.206,31.877,45.426,38.405,38.889,43.072,39.375,48.591,22.478,45.461,34.125,42.207,30.587,57.082,18.721,54.285,30.943,27.187,72.813,40.116,59.884,60.372,39.627,34.954,65.046,67.663,32.337,58.205,28.427,65.54,34.46,44.769,22.63,45.897,43.849,58.537,24.074,56.475,31.813,48.138,40.497,42.864,38.844,44.218,24.015,22.678,77.322,33.688,54.335,42.879,34.019,38.111,50.758,18.495,35.736,68.533,31.467,52.917,47.083,63.609,36.391,67.366,32.634,43.964,56.036,48.281,51.72,46.22,53.78
Wisconsin,63963,215,33.8,4617712,64.328,6.261,44.983,31.156,51.727,31.963,56.886,28.042,56.544,29.491,58.499,29.673,54.824,29.286,43.371,38.276,54.399,29.408,53.801,29.075,52.018,31.555,45.245,35.103,51.214,31.197,58.904,28.07,58.973,14.594,56.556,22.693,56.43,23.172,66.37,13.399,66.363,22.298,34.41,65.59,32.914,67.086,56.131,43.87,43.44,56.56,75.687,24.313,69.843,19.689,75.921,24.079,51.498,21.454,49.725,40.567,68.933,14.211,68.486,21.077,59.857,31.159,57.762,31.565,50.505,18.013,27.621,72.379,38.21,53.226,52.471,21.341,46.329,57.837,12.507,27.666,73.666,26.334,65.927,34.073,74.504,25.496,76.782,23.218,54.185,45.815,63.031,36.969,59.266,40.734
Wyoming,77837,222,30.4,447401,51.402,8.273,36.751,38.205,41.469,40.272,51.6,36.867,41.185,44.407,50.804,37.132,42.453,38.623,34.961,46.982,44.803,38.677,50.005,38.674,32.686,45.052,32.931,45.672,46.105,39.93,53.373,36.927,48.915,20.098,43.124,37.827,44.094,31.081,57.694,17.56,52.841,31.757,29.67,70.329,44.452,55.549,64.35,35.65,35.962,64.038,67.294,32.706,56.063,29.7,63.7,36.3,40.68,26.71,45.699,43.585,57.911,24.996,57.34,30.766,49.185,40.55,43.303,42.281,41.662,24.699,24.75,75.25,34.434,55.982,39.776,34.539,34.966,46.307,18.806,43.606,66.396,33.604,52.125,47.875,61.515,38.485,65.181,34.819,44.329,55.671,43.804,56.197,48.172,51.828